Actual Disease,Predicted Disease
Leaf smut,Leaf smut
Brown spot,Leaf smut
Leaf smut,Leaf smut
Brown spot,Leaf smut
Bacterial leaf blight,Leaf smut
Leaf smut,Brown spot
Bacterial leaf blight,Leaf smut
Leaf smut,Leaf smut
Bacterial leaf blight,Leaf smut
Brown spot,Leaf smut
Brown spot,Brown spot
Brown spot,Bacterial leaf blight
Bacterial leaf blight,Brown spot
Leaf smut,Leaf smut
Brown spot,Leaf smut
Leaf smut,Leaf smut
Bacterial leaf blight,Leaf smut
Bacterial leaf blight,Leaf smut
Leaf smut,Leaf smut
Leaf smut,Leaf smut
Brown spot,Leaf smut
Bacterial leaf blight,Leaf smut
Bacterial leaf blight,Bacterial leaf blight
Brown spot,Leaf smut
